Country,total_records,match_rate_q1,match_rate_q2,delta_q2_vs_q1
Austria,121,0.6280991736,0.6859504132,0.05785123967
France,1035,0.561352657,0.4753623188,-0.08599033816
Germany,931,0.470461869,0.4812030075,0.01074113856
Italy,1178,0.558573854,0.558573854,0
Norway,113,0.6991150442,0.6991150442,0
Sweden,210,0.4952380952,0.4952380952,0