Country,total_records,matched_records_q1,match_rate_q1
Austria,121,76,0.6280991736
France,1035,581,0.561352657
Germany,931,438,0.470461869
Italy,1178,658,0.558573854
Norway,113,79,0.6991150442
Sweden,210,104,0.4952380952