Country,total_records,match_rate_q1,match_rate_q3,delta_q3_vs_q1
Austria,121,0.6280991736,0.6280991736,0
France,1035,0.561352657,0.561352657,0
Germany,931,0.470461869,0.470461869,0
Italy,1178,0.558573854,0.558573854,0
Norway,113,0.6991150442,0.6991150442,0
Sweden,210,0.4952380952,0.4952380952,0